tweet,sentiment
i forgot how sad the first episode of the 5th season of dexter is.,negative
oct. 2 is almost too far away for me to wait for the return of !,negative
"(off topic) - there is only 3 episodes on the first disk of . please hurry, with the 2nd",neutral
"is finally catching up to me with . i'm only up to season 4, but he has almost finished season 2 today home, ill.",neutral
"i downloaded the first season of , gonna start watching the 2nd episode. time to tweet ^^",neutral
let's see if i can wrap up season three of tonight: only 1 more episode to go till the season finale. roll on series four please!,neutral
1st rule of the code: don't get caught,neutral
"""""tonight's the night""""",positive
"is such a good show, i may order showtime just because of it.",positive
don't feel obliged to discuss tonight. living it large in brighton so please use direct messages....,positive
"make sure you & the girls watch seasons 1-5 of , before season 6 premieres oct 2. seasons 1 & 4 are the best!",positive
addicted to ... what's new. almost done with season 5 and i just got it on thursday!,positive
barely going to sleep after watching all evening! i love this show!,positive
"beer and chicken night! watching till the working hours (11.59pm - 8 am) maybe we should reserve the nickname """"dexter""""? might be fun",positive
enjoying a night of with :),positive
"finally starting the 5th season of . see ya later, weekend!",positive
fuck everyone else is my friend tonight. bring it season 4,positive
the complete 5th season of is available on dvd today! or you could just watch it on demand..,positive
"yeah boiii tonight, so pissed that there's only 3 epsdes until it ends. oh well on the up side season 6 starts soon...ish",positive
i'm going tuesday to the house of blues to see a$ap rocky,neutral
"i have a real dilemma here, so tomorrow is the a$ap rocky concert in phoenix but i got called back to start working tomorrow at bianchi's",neutral
whoever's going to a$ap rocky wit me on the 8th better buy their tickets like today. i think imma get mine soon,neutral
""""" : who wants to go to a a$ap rocky concert with me on the 14th or 15th ?!?!?"""" you don't have a choice on who you taking we going!",neutral
"i see you're in dallas & a fan of a$ap rocky, email us ( ) for a great oppo to attend show at hob on fri!",positive
is coming up this weekend!! we're super excited! playing the blue stage on sat night right before a$ap rocky!,positive
ahhh! my mom said yes for me to go the a$ap rocky concert!! nov 8th we out!,positive
it looks like my brother is going to see a$ap rocky tomorrow sigh his life needs to stop being significantly better than mine,positive
may i ask what's so cool about a$ap rocky?,positive
oooh yha and the dmc and a$ap rocky one is 2-4th,positive
merril hoge is stupid. i'm sick of hearing what tebow can't do. he may not be a right now but it took aaron rodgers 3 yrs to start,negative
is it possible for aaron rodgers to suffer a career ending injury tonight? just curious.,negative
"aaron rodgers jersey battery room, under the windmill. wagnoli - 4 august 2011 - blog - designer wedding dresses sale,",neutral
"and on the very first play of the night, aaron rodgers is int'd by udfa cb brandian ross, who returns it for a pick-six touchdown.",neutral
da way aaron rodgers lookin greenbay may take it again,neutral
"for those just tuning in, have linked those two games as pkg. to see aaron rodgers nov 6, you gotta buy tix ...",neutral
"finished qbs. if the draft were today and i got to pick first every time, i'd take arian foster, roddy white, jason witten, n aaron rodgers",neutral
sensationalism at its finest. next thing you know we'll be hearing that graham harrell may take aaron rodgers' spot. smh.,positive
aaron rodgers may be the best qb in the nfl and he is still improving -yahoo sports! nigga fuck with my teamm,positive
"aaron rodgers totally did the a.i. """"practice?"""" routine for the media today. it must be good to be a champion",positive
"all you need is ryan leaf and you got a show. rt : aaron rodgers, kurt warner and kyle kendrick are all in the jungle tomorrow.",positive
browns force aaron rodgers and the packers to go 3&out on 1st possession. browns are better than the steelers at one thing at least.,positive
i saw a photo of aaron rodgers with some awesome scruff going on today. did i mention he was at the white house today? iz cool.,positive
"so far i have drafted aaron rodgers at overall, and then at in the 2nd round, matt forte. not bad.",positive
"the score may have been 38-26, but aaron rodgers kept right up statistically with favre. damn.",positive
today is the day we have been waiting for all summer: the day we see aaron rodgers on the field again. so excited.,positive
kainis! bukas na pala first day ng secret love (sungkyunkwan scandal) sa abs-cbn. eh may pasok kami bukas. diaje naman oh!,neutral
"mark the dates: miss earth 2012 coronation night nov 24, sat, live on starworld, 8pm. free-tv broadcast on sun, nov 25, 10am on abs-cbn.",neutral
"taking a nap, by 6 or 7 pm i'm going to abs-cbn. 5am flight tomorrow, !",neutral
we saw with last october 29 at abs-cbn hallway.,neutral
sungkyunkwan scandal on abs-cbn.. i just finished the series yesterday..:))))) i may sound like a spoiler now <evil laugh>,neutral
wow! thank you tanduay may replay ang sa abs-cbn. you're the best . rock on pilipinas!,positive
"at noon today, you'll know why tune in to abs-cbn to see the 1st of the biggest & d' brightest employer in ph",positive
everyone please watch asap on abs-cbn this sunday to see the beautiful :d,positive
"november super tour: nov 10-11: rockwell ten; nov 9, 16, 23: abs-cbn friday market. meet super tuyo and friends! see you! :-)",positive
thank you abs-cbn and bcwmh for the fantastic episode today. tomorrow again. i can't wait to...,positive
arrival of ship: arabian tahr port: abu dhabi time: nov 2 2012 6:11am (utc) (time of arrival/departure is the time the vessel app...,neutral
arrival of ship: mataf pride port: abu dhabi time: nov 2 2012 5:44am (utc) (time of arrival/departure is the time the vessel appr...,neutral
arrival of ship: nms 202 port: abu dhabi time: nov 2 2012 6:21am (utc) (time of arrival/departure is the time the vessel approach...,neutral
arrival of ship: sham port: abu dhabi time: nov 1 2012 6:27pm (utc) (time of arrival/departure is the time the vessel approaches ...,neutral
departure of ship: al dhafrah port: abu dhabi time: nov 2 2012 3:09am (utc) (time of arrival/departure is the time the vessel app...,neutral
departure of ship: ams 111 port: abu dhabi time: nov 2 2012 4:47am (utc) (time of arrival/departure is the time the vessel approa...,neutral
departure of ship: arabian oryx port: abu dhabi time: nov 2 2012 6:41am (utc) (time of arrival/departure is the time the vessel a...,neutral
departure of ship: jumbo spirit port: abu dhabi time: nov 2 2012 4:49am (utc) (time of arrival/departure is the time the vessel a...,neutral
departure of ship: sham port: abu dhabi time: nov 2 2012 4:09am (utc) (time of arrival/departure is the time the vessel approache...,neutral
departure of ship: stanford provider port: abu dhabi time: nov 2 2012 5:03am (utc) (time of arrival/departure is the time the ves...,neutral
"we may not win academy awards, but we will be the freaking people's choice dammit!!!",negative
"i'm just suggesting it for the sake of completeness, a la polaris's may 31st deadline & academy awards' dec. 31.",neutral
"have you seen lawless? if guy pearce doesn't get an oscar nomination for that, i may possibly give up on the academy awards..",neutral
"actors have the academy awards, recording artists have the grammys, and now..dj's have the gsa's!! - nominees announced tomorrow 10/9",neutral
seth mcfarlane set to host the 85th academy awards in february. what do you think of that choice?,neutral
"the 1st academy awards ceremony, presented by the academy of motion picture arts and sciences (ampas), honored...",neutral
the clown has broken the record and become the 1st film to win 12 brazilian academy awards yesterday.,neutral
"today's answer: stone has received 3 academy awards for his work on the films midnight express, platoon, and born on the fourth of july.",neutral
would your company like to the 3rd annual pnc bank academy awards? see attached for details.,neutral
the 1st black woman to ever host the academy awards was=> ! i want to be like her!,positive
fuck sat! act is where it's at! :d,negative
i don't want to take act tomorrow. ):,negative
"talking about act's && sat's, deciding where i want to go to college, applying to colleges and everything about college stresses me out.",negative
registering for my act's and sat's at the last minute -____- i am so tired,negative
is addicted to act. she just took one on saturday. and she just signed up for a third test.,neutral
oh iight i can dig it but how you going to act tomorrow night tho younging ?,neutral
also need to be at least accredated in act or rebt before the end of 4th yr.,neutral
finished signing up for the sat and act,neutral
oh man i thought the deadline for act was tomorrow i have until the 9th bless,neutral
nah i havnt knew about the adidas deal! u like it? i'm undecided.... where u watching game sat? i'm trying to get it off!,negative
cause my agent say those who wanna continue at adidas go to the office on monday 2pm! no other days to go alr! ask quick.,neutral
yeaa im still lookin smh...may have to go to the adidas store. the asian dudes wear em 24/7.,neutral
i think so ill bring it on monday is it the adidas,neutral
bring the adidas sock tomorrow,neutral
got the job in the mall ..now time to get the job at adidas tomorrow,neutral
i'll make my bid for the adidas predator tomorrow godwilling...,neutral
"....is going as that """"upwards kid"""" that he played so well on sunday night??!! ....with his prop/friend, """"adidas""""?",positive
even though nike is 10x better than adidas i'm still going to the adidas employee store tomorrow,positive
oh and p.s. big adidas warehouse sale tomorrow if you're interested!,positive
: the donkey show opening tomorrow at the adrienne arsht center get your tickets today,neutral
"friday, october 19th - talib kweli: idle warship with res at the adrienne arsht center!",neutral
hip hop fans! - idle warship with this fri adrienne arsht center for the performing arts,neutral
i got tomorrow off!! woooop!! ( adrienne arsht center for the performing arts),neutral
join us at the donkey show at adrienne arsht center for the performing arts this friday! save $5 off tickets to...,neutral
photos: rock of ages kicks off the 7th season at the adrienne arsht center,neutral
the disco balls are being polished...are you ready!?! this thursday night! join us at the adrienne arsht center...,neutral
"this thursday we have tickets to the special pre-screening event of """"the donkey show"""" adrienne arsht center for...",neutral
uploading random pics! lol this is me last sunday at a show at the adrienne arsht center!,neutral
the donkey show - friday the 13th is an exciting day for the adrienne arsht center of the performing arts in...,positive
3rd one dropped by afghans. this is not how you put pressure.,negative
vandals in oakland same as the night before in sf with afghans grown in.,negative
"afghans protest against french cartoons, us film: hundreds of afghans on thursday protested for the first time a...",negative
rediff live! hundreds of afghans on thursday protested for the first time against cartoons of the prophet mohamm...,negative
"wicket, its getting worse for the afghans, they have slipped to 22-4 after karim sadiq (5) was run out by jos buttler in the 6th over.",negative
"pakistan to talk counterterrorism with us, afghans: pakistan's foreign minister revealed thursday that her country would soon hold co...",neutral
taken 2 comes out friday and the afghans will have it saturday guaranteed,neutral
not in the afghan halal meat shop but it may as well be with the amount of afghans and halal meat in the house!!,positive
"yesterday? lol alotta afghans had birthdays yesterday it isnt even january 1st, happy birthday :d",positive
skyline drive/ shenandoah w the fambam tomorrow! afghans at a park.. on a sunday.. how unique lol,positive
6 people left in the world and one of them is bill murray ...there's only 5 people .....who's the 6th???,neutral
haha if it gets to serious you may wanna call the original ghost hunter... bill murray,neutral
"i'm thinking of an outfit like """"nick the lounge singer"""" (bill murray) from the old old saturday night live. maybe a sherbet tux?",neutral
"bill murray: yeah, on monday i am off to meet infinity ward about the next game, modern warfare 4, im doing work on the sequel to mw3",neutral
c'mon avila! you just got tagged out by a guy who looks like the kid bill murray was researching in the royal tenenbaums!,neutral
"tom hanks and bill murray may be the two people i would most like to meet. well, them and scarlett johansen. different reasons though...",neutral
"when """"columbus"""" shoots bill murray in zombieland it may be one of the funniest things ever.",neutral
"bruce willis, bill murray and ed norton all in the same film. i may faint.",positive
i may spend a lot of my free time riding on random elevators hoping for a chance encounter with bill murray...,positive
just cus it's friday here are 62 reasons why bill murray is awesome,positive
oct 17 it will be mostly dead but mostly dead is still a little bit alive!! (billy crystal the princess bride),neutral
"your helicopter may be wicked, but your billy crystal is gonna be the",neutral
"is it just me or does """"danny"""" seem a lot like billy crystal in the first 1/3rd of when harry met sally?",neutral
"""""see what i just did"""" sound s like you saw billy crystal in mr. saturday night. yes?",neutral
billy crystal attends the special 25th anniversary screening of 'the princess bride' at the new york festival,neutral
meg ryan: they don't make sunday underpants. billy crystal: why? mr: because of god. bc: *blank stare*,neutral
we got tickets for the late show with david letterman which will air tonight! look for us in the 3rd row. billy crystal is the guest.,neutral
love billy crystal introducing the 1st game of the world series.,positive
"watching when harry met sally, how i love that movie!!! a) it's nyc b) it's billy crystal and meg ryan :) what a perfect start to friday!",positive
yelawolf is still the best yelawolf - billy crystal feat rockcity on screen lyrics: via he took 4th,positive
billy cundiff. his missed fg at the end of the 2nd quarter changed the game. he'll never play again,negative
"""""no you may not kick it."""" -tribe called quest answering a text from billy cundiff",negative
"d, you're the closest source btwn fans & team. btw heard cards may sign billy cundiff. any truth?!",neutral
"mt : the baltimore sun reporting that the redskins have just cundiff-ed billy cundiff""""",neutral
if any baltimore team mascots come up missing 1st person of interest should be billy cundiff! or the redskins mascot is taken blame him!,neutral
look fans i know you may be upset about suisham missing that kick. just know that i heard a guy named billy cundiff is available.,neutral
the pain is far deeper than a billy cundiff missed field goal. gotta wake up and forget about it tomorrow.,neutral
"""""per team source the redskins will bring in some kickers for workouts tomorrow, after billy cundiff's poor...",neutral
billy cundiff may be leaving washington. hopefully he won't miss the door on the way out.,positive
this president talking about growing the economy is like billy cundiff explaining to someone how to make a field goal in the 4th quarter.,positive
"two birthday cakes! one with jelly beans! i wonder what kind of birthday cake the 2nd one was? goodnight kina, emi, and misa.",neutral
"according to the radio, rihanna's birthday cake is the official 4th of july anthem. sounds about right.",neutral
"since tomorrow is my birthday & all, i'm gonna listen to every song with the word birthday in it... birthday cake, birthday girl...",neutral
tomorrow i get to make a birthday cake.,neutral
just in case you haven't had enough we have plenty of birthday cake ready for you tomorrow!,positive
i still want that birthday cake remix that i wanted on saturday...,positive
"the girl with the birthday cake on her in the """"birthday song"""" video.. can somebody bring her to my house thursday?",positive
"these lil girls singing """"birthday cake"""" .....girl it was yo 10th birthday the other day smh lol",positive
"what better than to enjoy turkey, pumpkin pie and birthday cake all on the same day . best way to celebrate being legal!",positive
"""""birthday cake"""" is gonna be the song leading us into 4th quarter, count it.",positive
it's almost 2 am in bkk but i can't sleep after the game. it isn't the 1st time we lost cuz of ref.,negative
"awww saturday? how was it?? you dont even came to my side much in bkk con, i was so upset abt that",negative
"since et went via bkk and has 5th freedom rights (which can load/unload pax), it's a indirect flight.",neutral
"plz,transfer money in tomorrow!!. because we want to success before sm town in bkk.we have a big project for minseok ^^",neutral
will you be in myanmar on saturday? i work with tom at spark pr in bkk. we have an event on saturday in yangon with visa,neutral
last push! last day of training before the break! then i'm off to bkk on thursday!!,neutral
"hello marie, are you stay in bkk?. may god bless you:-)",positive
"yes, it's doable. i was at bkk from march 1-4 at night then flew to europe on march 5 in the morning.",positive
looking fwd to watching it sometime soon in bkk. :-) have a super friday and weekend ahead! lotsa love :d,positive
thanks to those who came down today!! thanks for the love tonight!! bkk bound now!! see ya party people next wednesday!! <3 ghetto :),positive
im going to be the black dahlia tomorrow and no ones going to get it because everyone is stupid.,negative
"50 bucks to see dethklok, machine head, all that remains, and the black dahlia murder. i may just have to go see this show with or witho ...",neutral
bloodbeast returns to the stage with killatoria and new act predomination. join them this friday at black dahlia....,neutral
come check out at the black dahlia on saturday night! it's going to be a party!,neutral
"ok, who's going to dethklok, black dahlia murder and all that remains in oakland nov 26?",neutral
polar dust is hitting black dahlia in boksburg on the 10th of november. click here for event details:,neutral
dm me your number and i'll send you a pic of the dress i'm wearing wednesday. it's perfect for being the black dahlia.<3,positive
haha black dahlia was my favorite song by them too!! i miss you too. are you still going to miss may i?? :),positive
dethklok is having a tour:) they're coming to chattanooga dec 6 with machine head. black dahlia murder and atr. i'm going :),positive
omfgomfgomfgomfg the black dahlia murder/machine head/dethklok/all that remains are gonna be at the palladium in november! *joooooooy*,positive
i just need to chill. can't wait to unleash some aggression at black dahlia murder tomorrow.,negative
"presents: dethklok with machine head, all that remains, and black dahlia murder! tuesday, november 13th at the venue at the hub!",neutral
"so excited about cannibal corpse, i've seen devildriver twice but this'll be my 1st time for corpse. oh and black dahlia murder!",neutral
"dethklok, all that remains, machine head, black dahlia murder, and the pacquiao vs marquez fight this december >>>>>>>>>>>>>>>>>>>>>>>>>>>>>",neutral
"dethklok, all that remains, machine head, and the black dahlia murder at stage ae november 8th..highly considering going to that.",neutral
"jamming aa, miss may i, and black dahlia murder all day",neutral
"q98 presents: dethklok with machine head, all that remains, and black dahlia murder! tuesday, november 13th at...",neutral
"so in flames is coming back in december with lamb of god, then a couple days later, dethklok is coming with black dahlia murder",neutral
"i can wear a black dahlia murder shirt one day, and a sun dress the next xd",positive
"dethklok, all that remains, and black dahlia murder in november? i can dig it!",positive
"& black triangle sighting in pompano beach, florida on october 28th 2012 - basically it blended wit...",neutral
"alternative news: black triangle sighting in tucson, arizona on october 20th 2012 - red circle with triangle cut...",neutral
"black triangle sighting in oranjestad, on october 11th 2012 - black triangle ufo with resemblance of a stealth ...",neutral
"black triangle sighting in perryton, texas on october 20th 2012 - black object that obscured the sky and stars: ...",neutral
"ufo sighting: black triangle sighting in oranjestad, on october 11th 2012 - black triangle ufo with resemblance...",neutral
"ufo sighting: black triangle sighting in perryton, texas on august 11th 2012 - dark triangle shape across the sk...",neutral
"ufo sighting: black triangle sighting in perryton, texas on october 20th 2012 - black object that obscured the s...",neutral
"yes, it is us: """" black triangle sighting in plainfield, illinois on january 4th 2000 - large triangle ... """"",neutral
"yes, it is us: """" black triangle sighting in pompano beach, florida on october 28th 2012 - basically it... """"",neutral
"yes, it is us: """" black triangle sighting in olmsted falls, ohio on october 12th 2012 - triangular sape... """"",positive
don't do it! he won't respect you! rt : boehner asks obama to move speech to thursday,negative
"boehner tells obama that sorry, the house is all booked up for sept 7, maybe you can come another day...",negative
"boehner wants obama to move his speech on wed to thurs of nxt week, due to the gop debate on wed. no sense of urgency while americans suffer",negative
boehner wants president to change speech to thurs instead of going against debate. what? same time as packers-saints opener?!?,negative
"damn, someone saved holder from the earthquake! technically dont know why w/biden out & obama always out boehner is 3rd in line!",negative
boehner wants president to change speech to thurs instead of going against debate. what? same time as packers ...,negative
the gop's greatest crime? : boehner proposes obama speech be on the same night as nfl opening night...,negative
"-smoker beohner ""got 98% of what he wanted."" fact: dow down 634 today and boehner owns every point.",neutral
boehner sent a letter? tweeted yesterday about one from cantor.,neutral
boehner proposes obama speech be on the same night as nfl opening night...,neutral
"boehner rejects 7th, invites obama on 8th, nfl opening night. so obama just has to speak wh on 7th to ""save"" football coverage?",neutral
"if he truly loves his party, boehner should be doing all he can to schedule obama's address on the same night as the gop debate.",neutral
"mt : boehner asks obama to move speech to thurs || forget u , ""with or w/o u"". tues works for me.",neutral
rt these golf balls with pelosi's face on them allegedly distributed at boehner fundraiser today. http:// ...,neutral
rt golf balls with pelosi's face on them allegedly distributed at boehner fundraiser today. | sick!,neutral
"nice! disagreement! of course, he sat down with boehner only thi ( )",positive
hide in country clubs all u want boehner! reverserobocall.com launching soon & i'm one of 1st in line! join me.,positive
good morning killa! who's your pick for the georgia - boise state game this saturday?,neutral
yo man wants you to wear a dawgs jersey! boise state jerseys are going out of fashion on september 4th.,neutral
boise state may make brandon boykin's day. /via,neutral
morning paper: georgia gets ready for the big opener it 'needed.' boise state looks for a kicker. the bangles.,neutral
program alert: will be having a debate whether or not boise state can win it all! check out the show today ...,neutral
"damn. who becomes the 3rd back, ajayi? rt boise state rb malcolm johnson tore acl in practice yesterday.",neutral
"""we called boise state & tried to get them to schedule north carolina on monday night. they didn't do it"" mickey matthe ...",neutral
"our football season preview shows start airing tonight on the mtn..half-hour, each program..the latest on boise state ...",neutral
yeah i no but on the bright side i just got a letter from boise state yesterday :),positive
boise state's jerseys for the game saturday are sick. you won't be dissapointed.,positive
"girl singing the national anthem tonight is a boise state student. i gave her a ""go ducks"" before she went out. didn't seem to faze her.",positive
got 2 letters today! one from wake forest university and the other from boise state :))),positive
"i love you all so much. come join us on saturday evening for the uga v. boise state game. game is at 8pm, but we...",positive
in an ideal world oregon and boise state will win sept 3rd and give power to the pac nw!,positive
"the zags hold a 1-0 lead for 84 minutes to beat boise state and win the bronco invite. goal by sarah rhodes, her 3rd of ...",positive
the other night i had a dream uga beat boise state. let's hope it comes true,positive
same way as in bolton are being stubborn and not talking or demanding a stupid fee ? are you expecting jim to sign today ?,negative
won't see me :( i'm off to bolton later today for the weekend. typical timing as ever!,negative
gutted my match is off against bolton tomorrow! was well up for it :(,negative
i wish i was in bolton tonight :(,negative
pls rt bolton society for blind people are bringing vegas to bolton with a charity dinner on 23 sep,neutral
will he be able to perform on a cold summers day at bolton on sunday?? probably...,neutral
pls rt - bolton society for blind people are bringing vegas to bolton with a charity dinner on 23 sep,neutral
i'm thinking of going tomorrow and then moving onto bolton from there to get city + eagles,neutral
bolton society for blind people are bringing vegas to bolton with a charity dinner on 23 sep please rt xx,neutral
"paddy mcguinness on this morning, continuing to show the old stereotype that broadcasters from bolton have to shout all the time.",neutral
"1 more day of work tomorrow then it's bolton, first away of the season mcmcfmcfcok",neutral
"dunno, sky reporting it tonight, everton & bolton also interested according to twitter search",positive
"just seen your goals in the 5-2 city win against bolton in 2003. need to get them days back man, hope you play tomorrow. top player.",positive
at bolton 6th form college... a level celebrations for tonight include watching a dvd and staying in with the dog + a bottle of vodka,positive
bolton away tomorrow! hope gets a game....after his quality pre-season. up the blues! <3,positive
"gym tonight dependent on how, erm... fresh, my kit is. otherwise its a pilgrimage to bolton first, or saturday morning. feeling good.",positive
i reckon the match between bolton and man city should be good tomorrow!,positive
"ironman uk, bolton highlights on tomorrow: 7.10 am on channel 4, or watch back on 4od! hope i can get a sneaky glimpse on it!",positive
"6 agencies, incl. the bomb squad, were needed to dispose of hazardous waste at e. 10th st/post rd.",neutral
its thursdayyyyy so it's ladies night come out and get your thirsty thursday on with the bomb squad!!!!,neutral
"last, u-school hc said the next member of the bomb squad will be 9th grader sam bruce, nephew of isaac bruce",neutral
"well, monsoon coming in from the north and the bomb squad down in midtown on the 15th. time to go.",neutral
bomb squad bake sale thursday the 25th !!! don't miss out.,positive
"excitement and danger . found old wwii shells, not inert! spent time with bomb squad! how is that for a monday?",positive
good morning bomb squad family! i hope you all have a lovely saturday!,positive
"gumby may be the answer to our forward woes. the bomb squad never stop believing, and we never stop believing in gumby.",positive
happy 4th from the bomb squad!,positive
ok im off twitter for the night til tomorrow bomb squad enjoy ur night love you much!,positive
"brit award winning pop-star mika is set to return with his brand new album the origin of love, released on island records on september 16.",neutral
so will be in the london studio tomorrow morning. hope no one mentions harry's brit award error,neutral
"on the 21st of february 2012, at 8:39pm on table 74, one direction lifted their first ever brit award for best british single",positive
"she's alright, she'll win the brit award for best female if she breaks wind between now and may.",positive
i just realized that the boys won their brit award on my birthday february 21 then i was like partying that time they recieved it!,positive
"look how far they've come since july 23rd 2010. they have a smash album, brit award, and the even beat out justin bieber for a tca.",positive
our se member the alresford community choir to share the stage with brit award winning on sep 15 . how exciting!,positive
scoop! elmbridge choir performing with brit award classic boy-band blake on may 24th at epsom playhouse! yoohoo how cool is that!,positive
"three times grammy nominated, brit award nominee and ivor novella winner joan armatrading takes to the stage on sunday!",positive
"we're in the studio working on the new album and it sounds epic. we may as well pick up our brit award now, tbh.",positive
5 times oscar winner john williams will receive a lifetime achievement award at the classical brit awards on october 2 at royal albert hall,neutral
russell u beat me 2 it lol i was gonna tweet about the classical brit awards being on this sunday xxxxxxx,neutral
don't forget the classical brit awards at 10pm tonight for a special appearance of the 25th anniversary cast of phantom for 26th bday??,neutral
"laura wright, gareth malone, noah stewart and margherita taylor attend the classic brit awards launch, september 6",neutral
"laura wright, gareth malone, noah stewart and margherita taylor attend the classic brit awards, september 6",neutral
omg!!! ramin and sierra performing phantom of the opera at the classical brit awards televised on sunday itv at 10.30pm!!!! :d,neutral
"haha, i hardly knew about them and one day i was at her house and she sat me down and made me watch the brit awards with her :)",positive
it makes me feel so gay that i just set the classical brit awards to record tomorrow haha oh dear,positive
so glad that the classical brit awards are on itv 1 on sunday have set the record button just in case i forget to watch.,positive
"this nigga just hit a full court one handed shot with brook lopez...smh, 21st birthday shit",negative
1st game in brooklyn and i want to see brook lopez,neutral
"brook lopez gets a short shot +1, lead 71-56 w/ 4:20 to play in the 3rd quarter.",neutral
"brook lopez scored 9 points in the 2nd quarter and was featured by . joe johnson was absent, but should play in 2nd half.",neutral
brook lopez with a double double in the 3rd,neutral
dont look now but: brook lopez had 19 pts & 9 rebs (28mins) in 1st game back from foot injury over weekend. 18 & 11 (25 mins) tonight.,neutral
"imma need brook lopez to get more aggressive on the boards. 7 feet tall, c'mon son",neutral
av has 11 offensive rebounds with 4 minutes left in the 3rd. that's a good month for brook lopez.,positive
brook lopez the 2nd best offensive center in the nba he not ass,positive
son if deandre learned anything more than dunking.he could be the 3rd best center in the league. brook lopez's rebound numbers hold him back,positive
watching cannavaro on the 2nd even more embarrassing.,negative
"although there was that one time he finished 3rd and cannavaro finished 1st. yes, fabio cannavaro. bullshit.",negative
but this is not the 1st time that juventus is maximizing the potentials of ex-milan players..cannavaro and edgar davids are similar cases,negative
"tomorrow fc toronto vs liverpool? are you go at stadium? today napoli won 3 a 2 vs bayern !! scored: pandev,cannavaro,insigne!",neutral
that year is to be unspoken of. remember those rubber bracelets too? i may or may not have a dog tag with cannavaro on it....,neutral
"drogba(as reports suggest he is preferred to start), if cannavaro has anything close to the game he had on friday then he takes this.",neutral
"this is buffon's 122nd cap for italy, now just 4 behind maldini in 2nd and 14 behind the leader, cannavaro.",neutral
"""""for the 1st time since 1978 italy will travel to a major tournament without franco baresi, paolo maldini or cannavaro"""" via",neutral
"and he hasn't lost a match since apr 2nd last year, that's consistent, and never forgetting cannavaro, the 1st defender to win it",positive
"just saw u with cannavaro, didn't know u were here in italy! congratz for being the 2nd best in the world!!!",positive
3rd??! :o where have i been i thought careless world was the 1st one. no?,negative
"careless world tour hit up 8 places in cali. haha the fuck, yoo.",negative
"1st episode of careless world tv from europe is on facebook, make sure to give it a """"like"""" -",neutral
i do remember. it was like leaked at 1st so he made a new one for careless world,neutral
ay you gone release the hotelcalifornia in feb like you did with careless world ?,neutral
careless world is the album of the year by,neutral
"tyga's careless world moving down five spots to no. 48 with 8,300. headed into his 10th week, the ymcb rapper's lp has sold 199,400 records.",neutral
"on my ym shit right now. just finished listening to i am not a human being. now going onto pink friday. after this, hello careless world.",neutral
"yo, i followed you, i'm interested in having the un-tagged 2nd verse for careless world.",positive
been listening to careless world - rise of the king cannot wait for the 23rd,positive
we dont care about carling cup! save it for ! yeah we lose also i wont be crying all night long on wednesday night!,negative
"don't think chelsea should appeal for torres' red card. let sturridge play tomorrow. it's the carling cup, not pl.",negative
carling cup on wednesday. no extra time please. have to play more england internationals and give the kids a rest.,neutral
"in the carling cup previously, arsenal played their 2nd string, but even then you could count on bendtner / vela to grab a few goals",neutral
"liverpool, champions of the carling cup last season, now kicked out in just the 3rd round of the competition 3-1 by swansea at anfield.",neutral
"bren-field mate, we where joint 2nd, they where bottom. they celebrated like they'd just won the carling cup!",positive
another vs today for the 4th round of the carling cup!! don't miss out,positive
have had two very enjoyable nights of carling cup action with arsenal last night and cfc this. will qpr v reading on sunday live up to it..?,positive
the bbc are asking if last night's carling cup 4th round tie between reading and arsenal was the greatest cup tie of all time. honestly.,positive
"i hate to say it but i think it'll go to penalties tomorrow. i just have that feeling, like i had before the carling cup final",negative
because i went to my 1st match when i was 4? my last match was the carling cup final.,neutral
2 fa cup sf's carling cup final lost on pens he may not have been a true leader but he certainly took us places we ain't been.,neutral
"""""these birds dont buy the sun"""" banner at the carling cup final for mikey dye & the lfc96",neutral
'these birds dont buy the sun' banner at the carling cup final for mikey dye and the 96,neutral
"they launched the day of the carling cup final, did you not see the dont buy the sun posters?",neutral
they will have the last laugh when we get to the carling cup final.. result may vary.,neutral
"6th...playoffs and a carling cup final!! malky mackay, i literally love you!!",positive
has to be the hat-trick against manu....and in a very close 2nd the carling cup final goal :o),positive
"hope you are fit for sunday, 3pts against arsenal, better than watching the carling cup final",positive
!! dis thursday!!!!!wit crows nest we calln out da whol souf kum kick it wit !!!!!!!,neutral
!! dis thursday!!!!!wit crows nest we calln out da whol souf kum kick it wit !..,neutral
"!! dis thursday!!!!!wit crows nest we calln out da whol souf kum kick it wit !,:-)",neutral
!! dis thursday!!!!!wit crows nest we calln out da whol souf kum kick it wit,neutral
burger & blonde friday today crows nest $2.00 pure blonde with any burger purchase!,neutral
heading to crows nest on sunday to cover ray white's celebrations for 110 years in the business of real estate.,neutral
this song says everything about a break up ...rope to hang by neil mcsweeney: dir. sat johal of crows nest films,neutral
will be at manly market & mittagong on saturday. crows nest fair and kiama market sunday. hope to see you there,neutral
"hung out with my housemate more (she's awesome!), went to crows nest festival, celebrated my dogs 5th birthday (love you diesel bean!) ...",positive
"they say you are what you eat, but it's friday and i don't care! ( ogalo crows nest)",positive
if cundiff is still the kicker come sunday i'm starting a riot.,negative
wvu goes for it on every 4th down. is our kicker worst than cundiff?,negative
"9th inning had that """"4th quarter """" feel, didn't it? coulda swore i saw cundiff shank one from the mound.",neutral
"""""van full of veteran kickers due into park tomorrow. no word on whether it will run over cundiff."""" watch it go wide rt.",neutral
"cundiff got released. i think he's outta the league now, especially if that quote on the tl this past sunday was real",neutral
"dirty jim had to close that one out. if not, he may have started hearing comparisons to cundiff in this town.",neutral
"if cundiff would've made the field goal sunday, i could've been eatin' a free 6in sub at subway for lunch!",neutral
"i know thats what im saying lol tucker straight outkicked cundiff in camp, i'm glad he's gone. didnt he miss one in the 4th qtr?",positive
rg is cleared for the vikings game sunday p.s. thank god we got rid of cuntsniff or is it cundiff?,positive
oh shit ray lewis may be able to come back. hopefully young cause if you ask me ravens would have won the superbpwl if it wasn't for cundiff,positive
why there so much easier i'm pretty sure tomorrow is the cupid shuffle tho ... i hate that,negative
cupid did so much work da 1st time that he don't wanna be my friend no more,negative
"after reviewing my texts/pictures from thurs-sat, i'm thinking that alcohol is the liquid form of cupid. i fall in love every weekend.",neutral
cupid and psyche isn't an original greek myth. it was a story in the golden ass by apuleius and often cited as the 1st fairy tale.,neutral
sick beard: download finished: 3rd rock from the sun - 5x11 - dick puts the 'id' in cupid,neutral
"""""someone's hitman"""" sure you are. you may be a hitman but dude, you just got pwned by cupid cos he hit you real hard, man.",neutral
hahaha shut up cupid! yeah hopefully it does go good and saturday and every other day!,positive
rumour has it cupid has you on a piece of string ! friday not sure saturday rumours are funky town in gants hill the big v,positive
"remember cupid at convo last year with the bomb candy bar?? if you liked that, you'll love next tuesday's tr",positive
""""" : cupid doesn't lie but you won't know unless you give it a try"""" wwooww.may pinaghuhugutan!",positive
aw what the hell curtis painter coming in and we give up 3rd and 18 conversion.,negative
curtis painter's finally going to get a shot tonight. i can't help but root for that guy!,negative
curtis painter did the curtis painter last night... a fumble and one walk-in td overthrown by 8 yards.,negative
lmao rt : curtis painter looks like the kind of guy who would try to buy beer on sunday.,negative
"peyton manning ......... noooooooooooooooooooo!!! if curtis painter is starting on sunday, i am going to lose my shit.",negative
colts backup qb curtis painter warming up. this could be it for kerry collins who may have a concussion.,neutral
colts to start painter at qb on monday vs. bucs - curtis painter will make his first nfl start at quarterback for th... lllinkkk,neutral
curtis painter was asked in interviews today if as the lead singer of nirvana was getting the band back together.,neutral
i've got a blog post coming up tomorrow. topic? it's time to learn once and for all what curtis painter's got. start the man.,neutral
"in 14 minutes of kerry collins, the are down 17. let's give curtis painter a shot in the 2nd quarter. why not?",neutral
"it's going to be a somber set tonight for curtis painter's nickelback cover band, something in your mouth.",neutral
curtis painter...we have a chance again! can't believe kerry collins didn't throw us a pick-six tonight,positive
it looks like the curtis painter era of colts may begin tonight!,positive
kerry collins may look like an old mouse... and hold on to the ball like one... but is a curtis painter experiment really that much better?,positive
"curtis painter is totally going to get lucky tonight, probably with another girl that looks just like him",positive
the takeaway from tonight's game: the colts' run defense was huge. and curtis painter rightfully owes us all (us especially) a big finger.,positive
this may be a fact!! rt curtis painter will help the colts win their first game! u heard it here first!!!,positive
check out all of monday's highlights in 2:19 with the daily zap:,neutral
"daily zap okc vs san june 2nd 2012: daily zap okc vs san june 2nd 2012 check tonight's e... wait 5s,pressskip ad",neutral
daily zap: april 3rd: daily zap: april 3rd check out a whip around the league for all the highlights from ton...,neutral
nba video - the daily zap: all the action from wednesday's six pack can be found right here in the daily zap.,neutral
"the , & tip-off the season with ws tuesday night. daily zap:",neutral
the daily zap - all the action from wednesday's six pack can be found right here in the daily zap.,neutral
the daily zap: all the action from wednesday's six pack can be found right here in the daily zap.,neutral
the daily zap: catch highlights from monday's action in the nba.,neutral
the daily zap: catch highlights from thursday's action in the nba.,neutral
stuck in the dallas airport until 11:20... on a saturday night,negative
even sxsw last yr he was there the 1st 2 days and went to dallas the day stump was there,neutral
"whoaa , well during the breaks i bee in dallas , so i might visit you in november , december , march , & thee summer .",neutral
"o ok, well i'm not coming back to dallas tonight",neutral
r yall going to be in dallas friday & saturday?,neutral
"yes, the dallas event did. remind me to send you a link tomorrow. it was on 10:00 news too. our ft worth event had none tho.",neutral
trying to go out tonight!!! where is there to go out here in dallas????,neutral
dallas!!! are you ready to come have a great night with us?! we can't wait to blow the roof off with you!,positive
good luck and have fun! i'm think about ya'll in dallas today.,positive
hope lives it up tonight.. love you mama.. will visit dallas soon :)),positive
tonight! come see me and the hottest gogo boys in dallas!!,positive
reminds me of the best night of my life. rt : 9am in dallas,positive
win or lose i think most dallas fans would agree it's just great to play in games as big as this one tonight again after yrs of mediocrity.,positive
yep and that might b my move in dallas tonight rt : true! tht would b fun..,positive
"and the new season opener is against the dallas stars on thursday, oct 25. you probably shouldn't buy tickets yet. call me cynical.",negative
d.j. king suffered broken right hand in fight with krys barch oct 24 2009 stlblues vs dallas stars; missed 3+ months,negative
"tonight, obama was the buffalo sabres and mitt was the dallas stars. it may not seem right...",negative
did i read the barons schedule right when it said we play the dallas stars at home on sunday?,neutral
dallas stars forward jamie benn has signed with the hamburg freezers in germany. he could make his debut against mannheim on friday.,neutral
get your ticket for a detroit red wings bus trip on march 22nd against the dallas stars.,neutral
"tonight, obama was the buffalo sabres and mitt was the dallas stars. it may not seem right to the sabres fans, but dallas still won.",neutral
"tonight, obama was the buffalo sabres and mitt was the dallas stars. it may not seem right to...",neutral
flashback friday:the dallas stars settle victoriously in to their new digs at the aac. watch: first game,positive
i wish the nhl and nhlpa to come to an agreement so i can go to dallas to see my dallas stars in march,positive
do you like ? presale is tomorrow for jan 31st show at dar constitution hall.,neutral
anybody want some dispatch tickets. they are playing next thursday (oct 11( at dar constitution hall with good...,neutral
"going to see estelle - sat 9/15 in washington, dc at dar constitution hall! check out the tour dates here -",neutral
"i'm going to anthony hamilton at dar constitution hall in washington, dc - sep 15",neutral
july 8th... it's goin down at dar constitution hall... i'm gonna make this last part rhyme... mb y'all!!!!!,neutral
"november 3rd-norfolk, va-norva theatre (nas only)november 4th-washington,dc - dar constitution hall......for you concert seekers out there !",neutral
who would go see with me at dar constitution hall on sunday evening?,neutral
think ima go to nicki concert the dar constitution hall on the 21st.. 2 chainz gonna be dere,neutral
hey mindless behavior i was at ur concert on saturday at the dar constitution hall. great p,positive
"shaquille o'neal all-star comedy jam dar constitution hall sat. 8pm nov 3, 2012 washington dc.. looks like it will be a great show!!",positive
"will never but the sun jo, never! even - for a guaranteed date with dave grohl!!! even then!!!",negative
i have snuck into the sunday night vip party at acl.. got to meet dave grohl and party open bar style,neutral
guy sat opposite me on the train is the spit of dave grohl,neutral
i'll let killing joke deal with my sunday night blues instead. that's dave grohl on drums too.,neutral
queens of the stone age & dave grohl sat on the stool - regular john from glastonbury during the song for the deaf tour,neutral
queens of the stone age's regular john from glastonbury during the song for the deaf tour & dave grohl sat on the stool,neutral
my older brother is going to see tenacious d on sunday and dave grohl is going to be playing the drums there!!!!!!!,positive
"february stars, 15 years old and still one of the best songs dave grohl has ever written.",positive
fun fact in 7th grade i thought dave grohl and eddie vedder were the same person,positive
sat here on my birthday listening to - would be great to get a shout out from you guys - dave grohl = legend!!!,positive
"david taylor? a few yrs ago, whn he 1st came 2 stl, he went by apostle. my hubs used 2 play for his services.",neutral
plz give the fans a treat and start trash talking david taylor. really heat things up b4 what may be the match of the century!,neutral
"come see , , , and david taylor at pivopivo with me next saturday",neutral
"brand new updated logo, edited by david taylor the new executive producer of roc-tv. first introduction video will be up tomorrow!",neutral
check out some live jazz music from david taylor and tom ogunribido today from 12-2pm in the lpc student center 2nd floor dining area!,neutral
"""""i don't know of a rule that could stop qld playing david taylor"""" - the nrl to us on if qld can play taylor tomorrow in",neutral
'clockwinder-who wouldn't say no'. launch at the commons on tuesday. the biog of the late david taylor is the untold story of a virtuous mp.,neutral
"come with me, and you will see , , , and david taylor at pivopivo tomorrow night",positive
hey there david taylor. nice to have you along sir. how is your friday?,positive
i was like shy glizzy bouta be up at dc star saturday and he said nigga no im not,negative
french montana live dc star this saturday s/o check it out >>,neutral
beenie man will be performing at echostage (dc star) next friday for the hu yardfest afterparty (18+ event) contact for tickets,neutral
""""" : dmv i will be performing live dc star this saturday w/ big and the band shout to sunshine + bennyt""""",neutral
dmv i will be performing live dc star this saturday w/ big and the band shout to sunshine + bennyt,positive
i will be performing at the dc star on september 1st hope yall can come thru!,positive
liiiiiiiiiiiiiiiiiiiiiiiiiiiiiiiiiistoooooo pa romper dc star nightclub 4 the 1st time since 08 !!! toy readyy !,positive
my 2nd time seeing was wen me kiaya n chante went to the dc star we stood in line 330pm n they open the club doors at 12am lol,positive
yup. and did you watch degrassi from friday yet? looool awkward campbell,negative
i still didn't watch degrassi from friday? what am i doing with my life? apparently not much.,negative
i think every friday im going to tweet: yay degrassi tonight.,neutral
people that are like 3rd year seniors << it's about time you move on w/ high school. this is not degrassi where you're the same age forever,neutral
"pretty little liarssss timeee, because i missed the premier on tuesday :3 then degrassi, then jshore... woo for being occupied",neutral
was sat watching degrassi then came to the realisation that little things will be aired in a while.,neutral
"he's been my lover since 7th grade, degrassi days!!",positive
"going to the holy land (canada) tomorrow. if i'm lucky, i'll meet some of the degrassi gang. well, in my dreams :p.",positive
"but rest assures i am watching degrassi, and loving it may i add. (;",positive
i just saw degrassi cause i missed id on friday your so cute !,positive
democrats will quickly implode and concede. obama will either veto the boehner bill or invoke the 14th amend...then impeach!,negative
democrats call on lt. gov. ard to resign: democrats called thursday for the immediate resignation of lt. g...,negative
fake democrats lose in wisconsin primary recalls all six fake democrats lost to democrats supported by the party in primaries tuesday that,negative
once again democrats spent all night and this morning trying to talk down the stock market...whatever happens there can be no blank check!,negative
re: what the heck was obama doing for the 1st 2 years when democrats controlled everything?!!!,negative
"i think it's time to start calling the democrats offices, demand they use the 14th now, don't cave to nut jobs.",negative
democrats defeat republicans 8-2 in congressional baseball game tonight.,neutral
foreign minister surapong to file complaint against democrats with police on mon at 3pm,neutral
"the mantra from republicans to democrats today is, 'if you don't like our plan, then where is your plan",neutral
"the mantra from republicans to democrats today is, 'if you don't like our plan, then where is your plan""the mantra from republicans t...",neutral
"all of the ""real"" democrats won their respective races & will move on 2 face the 6 recalled republican state senators on august 9",positive
today *very* rare day when democrats will get healthier on their club for growth scorecards than most republicans.,positive
"well the cool thing with democrats in power, doma is getting reviewed on the 20th.",positive
"angelito casts and pbbunlimited big4 with kevin, divine, deniesse and ryan are guests tomorrow night sa kick off. - adm.",neutral
"mallshow with the big 4 + wendy, divine, deniesse at pacific mall legaspi landco plaza, april 30, 6pm! kitakits, taongbayan :)",neutral
"update: mallshow with the big 4 + wendy, divine, deniesse at pacific mall legaspi landco plaza, april 30, 6pm! -- adminkim",neutral
"watch out for together with divine, deniesse and the big4 at the pacific mall legazpi landco plaza on april 30, 6pm.",neutral
"=) """" : i get lovestruck with deniesse and slater. swear. they look cute. plus i can relate to deniesse pacute to her crush, slater""""",positive
": mallshow with the big 4 + wendy, divine, deniesse at pacific mall legaspi landco plaza, april 30, 6pm! :)",positive
happy 4th monthsary slaniesse!! ;) wishing you guys more more months and years together. stay strong for slater and deniesse! ;),positive
"big 4 with kevin, deniesse, devine, and ryan sa kick off ng pbb teen edition 4 on sunday, april 8 at 9pm. !!!",positive
"happy 3rd monthsary ! :) salamat sa pag support ky ate :) all for deniesse, all for the love.",positive
"till june 5 nalang ang botohan! so make sure you vote deniesse, wendy, jazz and divine on fhm 100 sexiest! :) 'spride!",positive
smh i'm just waiting on the black ppl to cuss me out tomorrow about denzel lol niggas!!!,negative
think imma go see flight tomorrow.. denzel's the shit,negative
i want to go watch denzel's new movie tomorrow! someone take meeeeeeeeeee.,neutral
7:15pm tomorrow night i have a date with denzel! i can't wait!,positive
it's out already? thought it was tomorrow? denzel is the best ever. movie looks amazing.,positive
"cant wait to see """"flight"""" on saturday, denzel is one of the best actors in the world alongside leo and de niro",positive
gotta go see flight tomorrow denzel is the greatest actor ever,positive
hey i wanna see flight tomorrow with denzel ol fine self.,positive
that movie flight with denzel looks really good! may have to go check it out,positive
""""" : mane i gotta see that denzel movie tomorrow! shit look like its gone be a good one""""ditto. im going to try to go tomorrow",positive
